capacity,drainage,score,segment_id
3.0,1.5,0.038593546445031546,3808938
0.0,0.0,,6958098
1.5,1.0,0.1982201359451523,4267589
0.0,0.0,1.0,5230474
3.0,1.5,0.3143247343039317,1248017
1.0,0.5,0.09555519543914592,2481821
0.0,0.0,,8678209
5.0,2.5,0.15009927823425406,7774409
14.0,6.0,0.235434688490041,1717839
4.0,3.5,0.08407157433375023,8574425
78.0,16.0,0.3673542399706293,17443790
6.5,3.0,0.1729705334674836,17421855
62.0,3.0,0.1598537284972834,4202076
