capacity,drainage,score,segment_id
4.0,2.0,0.042730009709776695,3808938
16.0,4.0,0.04646708979001124,8574425
16.0,4.0,0.24983963802555276,1717839
4.0,1.0,0.05543281629130514,2481821
16.0,3.0,0.1446787521934514,4202076
4.0,1.0,0.2723724001886487,1248017
0.0,0.0,-1.0,6958098
4.0,2.0,0.16846201467147692,4267589
76.0,20.0,0.15479436486735043,17421855
4.0,1.0,0.1033355714487858,7774409
76.0,13.0,0.37770221463808273,17443790
0.0,0.0,1.0,5230474
0.0,0.0,-1.0,8678209
