capacity,drainage,score,segment_id
0.0,5.0,-1.0,1222143
7.5,7.0,0.4891584326587025,7774409
34.0,5.0,0.5764492455040241,17421855
34.0,5.0,0.5544014332219185,1717839
8.5,7.5,0.21828649168599223,8574425
0.0,5.0,1.0,6958098
66.0,10.0,0.0720890000876857,17443790
0.0,5.0,1.0,5230474
26.0,6.0,0.4821833752375675,1248017
0.0,5.0,1.0,8678209
38.0,12.0,0.4176703949464087,4267589
7.5,7.0,0.39043872692863846,2481821
0.0,5.0,,24442901
14.0,5.0,0.13344797875369152,3808938
22.0,5.0,0.5448316173380736,4202076
